{"chunk_definitions":[{"row":15,"row_count":1,"visible":true,"expansion_state":0,"options":{"engine":"r","label":"unnamed-chunk-1","dev":"png"},"document_id":"05B80B72","chunk_id":"crvve7q0wik92","chunk_label":"unnamed-chunk-1"},{"row":21,"row_count":1,"visible":true,"expansion_state":0,"options":{"engine":"r","label":"unnamed-chunk-2","dev":"png"},"document_id":"05B80B72","chunk_id":"cuwcsaopgahil","chunk_label":"unnamed-chunk-2"},{"row":30,"row_count":1,"visible":true,"expansion_state":0,"options":{"engine":"r","label":"unnamed-chunk-3","dev":"png"},"document_id":"05B80B72","chunk_id":"c6dg1krp1eqba","chunk_label":"unnamed-chunk-3"},{"row":47,"row_count":1,"visible":true,"expansion_state":0,"options":{"engine":"r","label":"unnamed-chunk-5","dev":"png"},"document_id":"05B80B72","chunk_id":"cgavffmub708r","chunk_label":"unnamed-chunk-4"}],"doc_write_time":1744139469}