{"chunk_definitions":[{"row":62,"row_count":1,"visible":true,"expansion_state":0,"options":{"engine":"r","include":false,"label":"unnamed-chunk-1","dev":"png"},"document_id":"8B306288","chunk_id":"cgmbplyr97f2a","chunk_label":"unnamed-chunk-2"},{"row":71,"row_count":1,"visible":true,"expansion_state":0,"options":{"engine":"r","include":false,"label":"unnamed-chunk-2","dev":"png"},"document_id":"8B306288","chunk_id":"cgbq3md9c5ssy","chunk_label":"unnamed-chunk-3"},{"row":99,"row_count":1,"visible":true,"expansion_state":0,"options":{"engine":"r","label":"unnamed-chunk-19","dev":"png"},"document_id":"8B306288","chunk_id":"cq1xrxvru8qvp","chunk_label":"unnamed-chunk-4"},{"row":117,"row_count":1,"visible":true,"expansion_state":0,"options":{"engine":"r","label":"tm3a","dev":"png"},"document_id":"8B306288","chunk_id":"c62k8u0xeqvox","chunk_label":"tm3a"},{"row":126,"row_count":1,"visible":true,"expansion_state":0,"options":{"engine":"r","label":"unnamed-chunk-20","dev":"png"},"document_id":"8B306288","chunk_id":"c68um1mtys5vw","chunk_label":"unnamed-chunk-5"},{"row":152,"row_count":1,"visible":true,"expansion_state":0,"options":{"engine":"r","label":"unnamed-chunk-5","dev":"png"},"document_id":"8B306288","chunk_id":"ct0e63bertq08","chunk_label":"unnamed-chunk-6"},{"row":166,"row_count":1,"visible":true,"expansion_state":0,"options":{"engine":"r","label":"tm12","dev":"png"},"document_id":"8B306288","chunk_id":"cejaooadmy4e4","chunk_label":"tm12"},{"row":224,"row_count":1,"visible":true,"expansion_state":0,"options":{"engine":"r","label":"unnamed-chunk-21","dev":"png"},"document_id":"8B306288","chunk_id":"cp0u4h8m8mztt","chunk_label":"unnamed-chunk-7"},{"row":245,"row_count":1,"visible":true,"expansion_state":0,"options":{"engine":"r","label":"unnamed-chunk-25","dev":"png"},"document_id":"8B306288","chunk_id":"c2ltd95cwny65","chunk_label":"unnamed-chunk-8"},{"row":257,"row_count":1,"visible":true,"expansion_state":0,"options":{"engine":"r","label":"unnamed-chunk-7","dev":"png"},"document_id":"8B306288","chunk_id":"cunds5pcf4k1t","chunk_label":"unnamed-chunk-9"},{"row":278,"row_count":1,"visible":true,"expansion_state":0,"options":{"engine":"r","label":"unnamed-chunk-8","dev":"png"},"document_id":"8B306288","chunk_id":"cs5qqqlzn4fgi","chunk_label":"unnamed-chunk-10"},{"row":299,"row_count":1,"visible":true,"expansion_state":0,"options":{"engine":"r","label":"unnamed-chunk-9","dev":"png"},"document_id":"8B306288","chunk_id":"cgbac4hf5sbv2","chunk_label":"unnamed-chunk-11"},{"row":336,"row_count":1,"visible":true,"expansion_state":0,"options":{"engine":"r","label":"unnamed-chunk-10","dev":"png"},"document_id":"8B306288","chunk_id":"cafh48w3nub4g","chunk_label":"unnamed-chunk-12"},{"row":359,"row_count":1,"visible":true,"expansion_state":0,"options":{"engine":"r","label":"unnamed-chunk-11","dev":"png"},"document_id":"8B306288","chunk_id":"c7apob5p1rna4","chunk_label":"unnamed-chunk-13"},{"row":382,"row_count":1,"visible":true,"expansion_state":0,"options":{"engine":"r","label":"unnamed-chunk-12","dev":"png"},"document_id":"8B306288","chunk_id":"cfpt90gw7sm3s","chunk_label":"unnamed-chunk-14"},{"row":407,"row_count":1,"visible":true,"expansion_state":0,"options":{"engine":"r","label":"unnamed-chunk-13","dev":"png"},"document_id":"8B306288","chunk_id":"cm6n4986pb99j","chunk_label":"unnamed-chunk-15"},{"row":433,"row_count":1,"visible":true,"expansion_state":0,"options":{"engine":"r","label":"unnamed-chunk-14","dev":"png"},"document_id":"8B306288","chunk_id":"couhludqo1v34","chunk_label":"unnamed-chunk-16"}],"doc_write_time":1744072452,"chunk_rendered_width":532}