"0",""
"0","#Topic 1	counti citi night mile jail day town morn march juli"
"0",""
"0","theta2 <- as.data.frame(theta)"
"0",""
"0","topic1 <- theta2 %>% "
"0","  rownames_to_column(var = ""file"") |> # putting the rownames into a new column called file"
"0","  mutate(file = str_remove(file, ""^X""),  # Remove leading 'X'"
"0","         line = str_extract(file, ""(?<=\\.txt)\\.\\d+"")) |>   # Extract number after .txt"
"0","  mutate(file = str_remove(file, ""\\.\\d+$"")) |> "
"0","  rename(topic1 = '1') |> # looking at first topic: ounti citi night mile jail day town morn march juli"
"0","  top_n(20, topic1) |> "
"0","  arrange(desc(topic1)) |>  "
"0","  select(file, line, topic1) "
"0",""
"0",""
