"0","#import 11,194 text files that were compiled into a df  "
"0","dei_articles <- read_csv(""articles_df.csv"")"
"1","[1mRows: [22m[34m87925[39m [1mColumns: [22m[34m25[39m
"
"1","[36m──[39m [1mColumn specification[22m [36m──────────────────────────────────────────────[39m
[1mDelimiter:[22m "",""
[31mchr[39m  (17): filename, sentence, title, publication_location, public...
[32mdbl[39m   (2): length, word_count
[33mlgl[39m   (5): agg_copyright, pub_copyright, show, term, ticker
[34mdate[39m  (1): published_date
"
"1","
[36mℹ[39m Use `spec()` to retrieve the full column specification for this data.
[36mℹ[39m Specify the column types or set `show_col_types = FALSE` to quiet this message.
"
