{"chunk_definitions":[{"row":33,"row_count":1,"visible":true,"expansion_state":0,"options":{"engine":"r","label":"unnamed-chunk-14","dev":"png"},"document_id":"D5A20FFB","chunk_id":"cp4jsv0l4wx9x","chunk_label":"unnamed-chunk-1"},{"row":62,"row_count":1,"visible":true,"expansion_state":0,"options":{"engine":"r","include":false,"label":"unnamed-chunk-13","dev":"png"},"document_id":"D5A20FFB","chunk_id":"cliebb4tou7ay","chunk_label":"unnamed-chunk-2"},{"row":79,"row_count":1,"visible":true,"expansion_state":0,"options":{"engine":"r","include":false,"label":"unnamed-chunk-15","dev":"png"},"document_id":"D5A20FFB","chunk_id":"cjwlujh0bkma2","chunk_label":"unnamed-chunk-3"},{"row":102,"row_count":1,"visible":true,"expansion_state":0,"options":{"engine":"r","label":"unnamed-chunk-16","dev":"png"},"document_id":"D5A20FFB","chunk_id":"cjy8rjr34jp4g","chunk_label":"unnamed-chunk-4"},{"row":120,"row_count":1,"visible":true,"expansion_state":0,"options":{"engine":"r","label":"tm3a","dev":"png"},"document_id":"D5A20FFB","chunk_id":"cnz6y5om5ke36","chunk_label":"tm3a"},{"row":129,"row_count":1,"visible":true,"expansion_state":0,"options":{"engine":"r","label":"unnamed-chunk-17","dev":"png"},"document_id":"D5A20FFB","chunk_id":"celj3v5iwo2zi","chunk_label":"unnamed-chunk-5"},{"row":155,"row_count":1,"visible":true,"expansion_state":0,"options":{"engine":"r","label":"unnamed-chunk-18","dev":"png"},"document_id":"D5A20FFB","chunk_id":"cidmaizl4wdbo","chunk_label":"unnamed-chunk-6"},{"row":169,"row_count":1,"visible":true,"expansion_state":0,"options":{"engine":"r","label":"tm12","dev":"png"},"document_id":"D5A20FFB","chunk_id":"cguxt11sk8m1s","chunk_label":"tm12"},{"row":227,"row_count":1,"visible":true,"expansion_state":0,"options":{"engine":"r","label":"unnamed-chunk-19","dev":"png"},"document_id":"D5A20FFB","chunk_id":"c2bbtvbukf6s2","chunk_label":"unnamed-chunk-7"},{"row":237,"row_count":1,"visible":true,"expansion_state":0,"options":{"engine":"r","label":"unnamed-chunk-20","dev":"png"},"document_id":"D5A20FFB","chunk_id":"cheo06sozm8do","chunk_label":"unnamed-chunk-8"}],"doc_write_time":1743625510}